{"cameraMode":{"drawMode":0,"name":"Shaded","section":"Shading Mode"},"sceneLighting":false,"audioPlay":false,"sceneViewState":{"showFog":true,"showMaterialUpdate":true,"showSkybox":true,"showFlares":true,"showImageEffects":true,"showParticleSystems":true},"in2DMode":false,"pivot":{"x":27.00901222229004,"y":1.1863151788711548,"z":8.561837196350098},"rotation":{"x":0.025121301412582399,"y":0.7707746028900147,"z":-0.02582603134214878,"w":0.6364582777023315},"size":10.0,"orthographic":false}