{"cameraMode":{"drawMode":0,"name":"Shaded","section":"Shading Mode"},"sceneLighting":false,"audioPlay":false,"sceneViewState":{"showFog":true,"showMaterialUpdate":true,"showSkybox":true,"showFlares":true,"showImageEffects":true,"showParticleSystems":true},"in2DMode":false,"pivot":{"x":17.965850830078126,"y":-6.244657516479492,"z":1.943705677986145},"rotation":{"x":0.07751886546611786,"y":0.8911181688308716,"z":-0.15806631743907929,"w":0.41879093647003176},"size":10.0,"orthographic":false}