{"cameraMode":{"drawMode":0,"name":"Shaded","section":"Shading Mode"},"sceneLighting":false,"audioPlay":false,"sceneViewState":{"showFog":true,"showMaterialUpdate":true,"showSkybox":true,"showFlares":true,"showImageEffects":true,"showParticleSystems":true},"in2DMode":false,"pivot":{"x":-40.176780700683597,"y":-1.2274706363677979,"z":44.955745697021487},"rotation":{"x":-0.2240450233221054,"y":-0.4498898983001709,"z":0.11783701181411743,"w":-0.8565914034843445},"size":2.943138599395752,"orthographic":false}