{"cameraMode":{"drawMode":0,"name":"Shaded","section":"Shading Mode"},"sceneLighting":true,"audioPlay":false,"sceneViewState":{"showFog":true,"showMaterialUpdate":true,"showSkybox":true,"showFlares":true,"showImageEffects":true,"showParticleSystems":true},"in2DMode":false,"pivot":{"x":-0.041588928550481799,"y":2.746840715408325,"z":-2.390082836151123},"rotation":{"x":0.2244170904159546,"y":-0.11662016808986664,"z":0.027066843584179879,"w":0.9671755433082581},"size":0.3935621380805969,"orthographic":false}