{"cameraMode":{"drawMode":0,"name":"Shaded","section":"Shading Mode"},"sceneLighting":false,"audioPlay":false,"sceneViewState":{"showFog":true,"showMaterialUpdate":false,"showSkybox":false,"showFlares":true,"showImageEffects":true,"showParticleSystems":true},"in2DMode":false,"pivot":{"x":0.13370120525360108,"y":-0.026974830776453019,"z":-0.029415830969810487},"rotation":{"x":0.06906250864267349,"y":0.9103367924690247,"z":-0.1693229079246521,"w":0.37132352590560915},"size":0.8660253882408142,"orthographic":false}