{"cameraMode":{"drawMode":0,"name":"Shaded","section":"Shading Mode"},"sceneLighting":true,"audioPlay":false,"sceneViewState":{"showFog":true,"showMaterialUpdate":false,"showSkybox":true,"showFlares":true,"showImageEffects":true,"showParticleSystems":true},"in2DMode":false,"pivot":{"x":0.00157823134213686,"y":0.7188618779182434,"z":3.546144485473633},"rotation":{"x":0.27025237679481509,"y":-0.04042229428887367,"z":0.011355501599609852,"w":0.96189284324646},"size":1.8669092655181885,"orthographic":false}