{"cameraMode":{"drawMode":0,"name":"Shaded","section":"Shading Mode"},"sceneLighting":true,"audioPlay":false,"sceneViewState":{"showFog":true,"showMaterialUpdate":false,"showSkybox":true,"showFlares":true,"showImageEffects":true,"showParticleSystems":true},"in2DMode":false,"pivot":{"x":-3.9131646156311037,"y":6.926717758178711,"z":36.15055465698242},"rotation":{"x":-0.013483326882123948,"y":-0.9802329540252686,"z":0.18384410440921784,"w":-0.07188445329666138},"size":0.0669093132019043,"orthographic":false}