{"cameraMode":{"drawMode":0,"name":"Shaded","section":"Shading Mode"},"sceneLighting":false,"audioPlay":false,"sceneViewState":{"showFog":true,"showMaterialUpdate":true,"showSkybox":true,"showFlares":true,"showImageEffects":true,"showParticleSystems":true},"in2DMode":false,"pivot":{"x":-37.18122863769531,"y":1.4539039134979249,"z":37.056663513183597},"rotation":{"x":-0.09329778701066971,"y":-0.7435752749443054,"z":0.10630369931459427,"w":-0.653699517250061},"size":6.390604019165039,"orthographic":false}