{"cameraMode":{"drawMode":0,"name":"Shaded","section":"Shading Mode"},"sceneLighting":true,"audioPlay":false,"sceneViewState":{"showFog":true,"showMaterialUpdate":true,"showSkybox":true,"showFlares":true,"showImageEffects":true,"showParticleSystems":true},"in2DMode":false,"pivot":{"x":11.154458999633789,"y":-2.48746395111084,"z":2.7875633239746095},"rotation":{"x":0.0016137914499267936,"y":0.9840089082717896,"z":-0.1789892464876175,"w":-0.007577552925795317},"size":5.643799304962158,"orthographic":false}