{"cameraMode":{"drawMode":0,"name":"Shaded","section":"Shading Mode"},"sceneLighting":false,"audioPlay":false,"sceneViewState":{"showFog":true,"showMaterialUpdate":false,"showSkybox":true,"showFlares":true,"showImageEffects":true,"showParticleSystems":true},"in2DMode":false,"pivot":{"x":-75.97208404541016,"y":-22.56003761291504,"z":108.85009765625},"rotation":{"x":-0.088258296251297,"y":0.31047290563583376,"z":-0.028903916478157045,"w":-0.9460855722427368},"size":70.71067810058594,"orthographic":false}