{"cameraMode":{"drawMode":0,"name":"Shaded","section":"Shading Mode"},"sceneLighting":true,"audioPlay":false,"sceneViewState":{"showFog":true,"showMaterialUpdate":true,"showSkybox":true,"showFlares":true,"showImageEffects":true,"showParticleSystems":true},"in2DMode":false,"pivot":{"x":0.09296000748872757,"y":3.186375379562378,"z":-2.615410089492798},"rotation":{"x":0.18634681403636933,"y":0.02652551420032978,"z":-0.00502809276804328,"w":0.9821770191192627},"size":0.3887501358985901,"orthographic":false}