{"cameraMode":{"drawMode":0,"name":"Shaded","section":"Shading Mode"},"sceneLighting":true,"audioPlay":false,"sceneViewState":{"showFog":true,"showMaterialUpdate":false,"showSkybox":true,"showFlares":true,"showImageEffects":true,"showParticleSystems":true},"in2DMode":false,"pivot":{"x":3.3362863063812258,"y":0.007045865058898926,"z":-4.153348445892334},"rotation":{"x":-0.02720392495393753,"y":0.9658193588256836,"z":-0.11351922899484635,"w":-0.2314482033252716},"size":3.333864688873291,"orthographic":false}