{"cameraMode":{"drawMode":0,"name":"Shaded","section":"Shading Mode"},"sceneLighting":false,"audioPlay":false,"sceneViewState":{"showFog":true,"showMaterialUpdate":false,"showSkybox":true,"showFlares":true,"showImageEffects":true,"showParticleSystems":true},"in2DMode":false,"pivot":{"x":21.869775772094728,"y":-19.410072326660158,"z":108.05055236816406},"rotation":{"x":0.10689233988523483,"y":0.14298994839191438,"z":-0.01533598080277443,"w":0.9838408827781677},"size":50.616600036621097,"orthographic":false}