{"cameraMode":{"drawMode":0,"name":"Shaded","section":"Shading Mode"},"sceneLighting":false,"audioPlay":false,"sceneViewState":{"showFog":true,"showMaterialUpdate":false,"showSkybox":true,"showFlares":true,"showImageEffects":true,"showParticleSystems":true},"in2DMode":false,"pivot":{"x":9.615510940551758,"y":0.8369522094726563,"z":29.016277313232423},"rotation":{"x":0.13889463245868684,"y":0.8460071682929993,"z":0.44010788202285769,"w":-0.26699313521385195},"size":10.0,"orthographic":false}