{"cameraMode":{"drawMode":0,"name":"Shaded","section":"Shading Mode"},"sceneLighting":true,"audioPlay":false,"sceneViewState":{"showFog":true,"showMaterialUpdate":true,"showSkybox":true,"showFlares":true,"showImageEffects":true,"showParticleSystems":true},"in2DMode":false,"pivot":{"x":23.170141220092775,"y":-6.164517879486084,"z":11.462820053100586},"rotation":{"x":0.1595355123281479,"y":0.5054653286933899,"z":-0.09650290757417679,"w":0.8427788019180298},"size":10.22368335723877,"orthographic":false}