{"cameraMode":{"drawMode":0,"name":"Shaded","section":"Shading Mode"},"sceneLighting":true,"audioPlay":false,"sceneViewState":{"showFog":true,"showMaterialUpdate":true,"showSkybox":true,"showFlares":true,"showImageEffects":true,"showParticleSystems":true},"in2DMode":false,"pivot":{"x":5.784933567047119,"y":14.236542701721192,"z":5.651657581329346},"rotation":{"x":-0.06884840875864029,"y":0.9241345524787903,"z":-0.19987668097019196,"w":-0.3183951675891876},"size":0.2629564702510834,"orthographic":false}