{"cameraMode":{"drawMode":0,"name":"Shaded","section":"Shading Mode"},"sceneLighting":false,"audioPlay":false,"sceneViewState":{"showFog":true,"showMaterialUpdate":true,"showSkybox":false,"showFlares":true,"showImageEffects":true,"showParticleSystems":true},"in2DMode":false,"pivot":{"x":0.14648817479610444,"y":0.12362182885408402,"z":-0.051995184272527698},"rotation":{"x":-0.04465757682919502,"y":0.7650077939033508,"z":-0.05331558734178543,"w":-0.6402921080589294},"size":0.2430146187543869,"orthographic":false}