{"cameraMode":{"drawMode":0,"name":"Shaded","section":"Shading Mode"},"sceneLighting":true,"audioPlay":false,"sceneViewState":{"showFog":true,"showMaterialUpdate":true,"showSkybox":true,"showFlares":true,"showImageEffects":true,"showParticleSystems":true},"in2DMode":false,"pivot":{"x":8.20164680480957,"y":0.9499369859695435,"z":2.7693991661071779},"rotation":{"x":-0.034882619976997378,"y":-0.8923588991165161,"z":0.0730414167046547,"w":-0.4446624219417572},"size":1.7102482318878174,"orthographic":false}