{"cameraMode":{"drawMode":0,"name":"Shaded","section":"Shading Mode"},"sceneLighting":true,"audioPlay":false,"sceneViewState":{"showFog":true,"showMaterialUpdate":true,"showSkybox":true,"showFlares":true,"showImageEffects":true,"showParticleSystems":true},"in2DMode":false,"pivot":{"x":-4.166685104370117,"y":8.759450912475586,"z":7.050777435302734},"rotation":{"x":0.02748248353600502,"y":-0.9547712206840515,"z":0.09338586777448654,"w":0.28096339106559756},"size":9.12024974822998,"orthographic":false}