{"cameraMode":{"drawMode":0,"name":"Shaded","section":"Shading Mode"},"sceneLighting":false,"audioPlay":false,"sceneViewState":{"showFog":true,"showMaterialUpdate":true,"showSkybox":true,"showFlares":true,"showImageEffects":true,"showParticleSystems":true},"in2DMode":false,"pivot":{"x":-4.343867778778076,"y":0.8327074646949768,"z":20.57060432434082},"rotation":{"x":0.05347480624914169,"y":0.25845590233802798,"z":-0.014815929345786572,"w":0.9647634029388428},"size":3.296774387359619,"orthographic":false}