{"cameraMode":{"drawMode":0,"name":"Shaded","section":"Shading Mode"},"sceneLighting":false,"audioPlay":false,"sceneViewState":{"showFog":true,"showMaterialUpdate":true,"showSkybox":true,"showFlares":true,"showImageEffects":true,"showParticleSystems":true},"in2DMode":false,"pivot":{"x":-17.835765838623048,"y":11.220553398132325,"z":2.461172342300415},"rotation":{"x":0.15567561984062196,"y":0.6753902435302734,"z":-0.14949391782283784,"w":0.7054641246795654},"size":1.9948704242706299,"orthographic":false}