{"cameraMode":{"drawMode":0,"name":"Shaded","section":"Shading Mode"},"sceneLighting":false,"audioPlay":false,"sceneViewState":{"showFog":true,"showMaterialUpdate":true,"showSkybox":true,"showFlares":true,"showImageEffects":true,"showParticleSystems":true},"in2DMode":false,"pivot":{"x":9.508960723876954,"y":17.202171325683595,"z":-5.279145240783691},"rotation":{"x":0.04623208940029144,"y":0.8680644631385803,"z":-0.08226453512907028,"w":0.4875618517398834},"size":1.8823200464248658,"orthographic":false}