{"cameraMode":{"drawMode":0,"name":"Shaded","section":"Shading Mode"},"sceneLighting":true,"audioPlay":false,"sceneViewState":{"showFog":true,"showMaterialUpdate":true,"showSkybox":true,"showFlares":true,"showImageEffects":true,"showParticleSystems":true},"in2DMode":false,"pivot":{"x":12.76793384552002,"y":8.428476333618164,"z":29.7471981048584},"rotation":{"x":-0.09589914232492447,"y":0.07424286007881165,"z":-0.007170959375798702,"w":-0.9926642179489136},"size":10.517393112182618,"orthographic":false}