{"cameraMode":{"drawMode":0,"name":"Shaded","section":"Shading Mode"},"sceneLighting":true,"audioPlay":false,"sceneViewState":{"showFog":true,"showMaterialUpdate":true,"showSkybox":true,"showFlares":true,"showImageEffects":true,"showParticleSystems":true},"in2DMode":false,"pivot":{"x":-1.0081143379211426,"y":7.090691566467285,"z":-19.18779182434082},"rotation":{"x":0.0038309518713504078,"y":-0.9955580830574036,"z":0.07180966436862946,"w":0.06316228955984116},"size":9.101780891418457,"orthographic":false}