{"cameraMode":{"drawMode":0,"name":"Shaded","section":"Shading Mode"},"sceneLighting":false,"audioPlay":false,"sceneViewState":{"showFog":true,"showMaterialUpdate":true,"showSkybox":true,"showFlares":true,"showImageEffects":true,"showParticleSystems":true},"in2DMode":false,"pivot":{"x":18.710662841796876,"y":-0.7857661247253418,"z":5.983277320861816},"rotation":{"x":-0.08078459650278092,"y":-0.5331079363822937,"z":0.05162457749247551,"w":-0.8408479690551758},"size":10.22368335723877,"orthographic":false}