{"cameraMode":{"drawMode":0,"name":"Shaded","section":"Shading Mode"},"sceneLighting":false,"audioPlay":false,"sceneViewState":{"showFog":true,"showMaterialUpdate":true,"showSkybox":false,"showFlares":true,"showImageEffects":true,"showParticleSystems":true},"in2DMode":false,"pivot":{"x":-0.02480573207139969,"y":-0.03622836247086525,"z":0.011124998331069947},"rotation":{"x":0.027971139177680017,"y":0.9710043668746948,"z":-0.14377865195274354,"w":0.18906274437904359},"size":0.1254090517759323,"orthographic":false}