{"cameraMode":{"drawMode":0,"name":"Shaded","section":"Shading Mode"},"sceneLighting":false,"audioPlay":false,"sceneViewState":{"showFog":true,"showMaterialUpdate":true,"showSkybox":true,"showFlares":true,"showImageEffects":true,"showParticleSystems":true},"in2DMode":false,"pivot":{"x":-69.88420867919922,"y":-22.002696990966798,"z":-53.25877380371094},"rotation":{"x":0.06601212918758393,"y":-0.9084011912345886,"z":0.15526697039604188,"w":0.38298705220222475},"size":66.82975769042969,"orthographic":false}