{"cameraMode":{"drawMode":0,"name":"Shaded","section":"Shading Mode"},"sceneLighting":true,"audioPlay":false,"sceneViewState":{"showFog":true,"showMaterialUpdate":true,"showSkybox":true,"showFlares":true,"showImageEffects":true,"showParticleSystems":true},"in2DMode":false,"pivot":{"x":-37.575618743896487,"y":10.30080509185791,"z":-9.236692428588868},"rotation":{"x":-0.03135557100176811,"y":0.060807690024375918,"z":-0.0026560230180621149,"w":-0.997796356678009},"size":2.9157214164733888,"orthographic":false}