{"cameraMode":{"drawMode":0,"name":"Shaded","section":"Shading Mode"},"sceneLighting":false,"audioPlay":false,"sceneViewState":{"showFog":true,"showMaterialUpdate":true,"showSkybox":true,"showFlares":true,"showImageEffects":true,"showParticleSystems":true},"in2DMode":false,"pivot":{"x":-3.1187500953674318,"y":3.8993184566497804,"z":35.74720001220703},"rotation":{"x":0.16324491798877717,"y":0.10719195753335953,"z":-0.018404671922326089,"w":0.9807432889938355},"size":21.301740646362306,"orthographic":false}