{"cameraMode":{"drawMode":0,"name":"Shaded","section":"Shading Mode"},"sceneLighting":true,"audioPlay":false,"sceneViewState":{"showFog":true,"showMaterialUpdate":true,"showSkybox":true,"showFlares":true,"showImageEffects":true,"showParticleSystems":true},"in2DMode":false,"pivot":{"x":-0.9875453114509583,"y":6.18681526184082,"z":-6.932747840881348},"rotation":{"x":-0.01302892155945301,"y":0.9750387668609619,"z":-0.21694323420524598,"w":-0.052558571100234988},"size":10.0,"orthographic":false}